snapshot_id,account_id,snapshot_year,snapshot_month,month_label,closing_balance,txn_count,fees_charged
1,5308,2023,1,2023-01,39876.04,3,19.15
2,5308,2023,2,2023-02,44457.05,36,16.1
3,5308,2023,3,2023-03,45439.48,37,10.82
4,5308,2023,4,2023-04,43697.41,3,12.01
5,5308,2023,5,2023-05,48170.0,37,3.13
6,5308,2023,6,2023-06,49124.52,22,22.42
7,5308,2023,7,2023-07,50438.1,14,28.96
8,5308,2023,8,2023-08,48590.06,29,25.03
9,5308,2023,9,2023-09,50311.82,40,19.69
10,5308,2023,10,2023-10,53679.44,12,4.34
11,5308,2023,11,2023-11,52004.69,40,1.61
12,5308,2023,12,2023-12,54259.3,34,34.78
13,5308,2024,1,2024-01,46503.81,42,0.2
14,5308,2024,2,2024-02,45512.47,25,14.56
15,5308,2024,3,2024-03,47286.3,20,17.28
16,5308,2024,4,2024-04,46558.53,6,18.07
17,5308,2024,5,2024-05,45376.0,27,8.76
18,5308,2024,6,2024-06,44202.91,25,30.58
19,5237,2023,1,2023-01,16086.95,7,21.57
20,5237,2023,2,2023-02,16574.7,19,13.93
21,5237,2023,3,2023-03,19556.56,0,23.67
22,5237,2023,4,2023-04,20916.41,28,11.18
23,5237,2023,5,2023-05,22447.23,25,0.84
24,5237,2023,6,2023-06,23744.02,26,32.73
25,5237,2023,7,2023-07,28743.16,5,5.83
26,5237,2023,8,2023-08,26026.21,30,24.96
27,5237,2023,9,2023-09,29797.56,37,33.13
28,5237,2023,10,2023-10,33751.4,35,4.88
29,5237,2023,11,2023-11,38064.24,42,33.91
30,5237,2023,12,2023-12,37217.67,15,16.53
31,5237,2024,1,2024-01,17551.64,25,24.73
32,5237,2024,2,2024-02,21470.98,40,10.02
33,5237,2024,3,2024-03,25430.26,42,7.43
34,5237,2024,4,2024-04,29920.57,5,20.55
35,5237,2024,5,2024-05,29724.81,14,1.32
36,5237,2024,6,2024-06,31673.29,18,14.41
37,5360,2023,1,2023-01,47631.68,33,8.12
38,5360,2023,2,2023-02,48961.12,42,2.99
39,5360,2023,3,2023-03,53060.27,23,0.58
40,5360,2023,4,2023-04,53265.74,20,8.17
41,5360,2023,5,2023-05,52661.95,38,25.19
42,5360,2023,6,2023-06,52284.13,37,34.75
43,5360,2023,7,2023-07,56841.57,0,3.6
44,5360,2023,8,2023-08,57977.73,44,11.89
45,5360,2023,9,2023-09,61636.2,35,33.47
46,5360,2023,10,2023-10,65910.77,16,14.71
47,5360,2023,11,2023-11,70086.62,18,18.23
48,5360,2023,12,2023-12,73367.74,44,17.77
49,5360,2024,1,2024-01,39959.52,8,32.6
50,5360,2024,2,2024-02,38192.97,10,10.54
51,5360,2024,3,2024-03,39039.48,40,27.78
52,5360,2024,4,2024-04,37555.89,14,14.43
53,5360,2024,5,2024-05,35877.63,41,21.83
54,5360,2024,6,2024-06,38026.93,20,20.87
55,5002,2023,1,2023-01,16850.28,6,33.38
56,5002,2023,2,2023-02,16058.09,2,13.17
57,5002,2023,3,2023-03,18860.47,17,26.33
58,5002,2023,4,2023-04,16280.74,43,0.16
59,5002,2023,5,2023-05,17072.07,18,16.34
60,5002,2023,6,2023-06,21551.62,6,20.05
61,5002,2023,7,2023-07,19115.11,9,1.23
62,5002,2023,8,2023-08,21425.65,6,2.34
63,5002,2023,9,2023-09,19288.76,27,24.02
64,5002,2023,10,2023-10,22232.44,9,29.01
65,5002,2023,11,2023-11,20727.67,44,1.64
66,5002,2023,12,2023-12,20513.27,25,9.83
67,5002,2024,1,2024-01,46515.04,41,0.18
68,5002,2024,2,2024-02,49132.25,14,20.37
69,5002,2024,3,2024-03,51374.85,43,23.7
70,5002,2024,4,2024-04,48451.77,39,16.75
71,5002,2024,5,2024-05,52227.48,2,33.51
72,5002,2024,6,2024-06,54120.44,11,3.3
73,5060,2023,1,2023-01,47235.92,21,14.45
74,5060,2023,2,2023-02,49486.05,6,20.88
75,5060,2023,3,2023-03,51569.63,37,16.82
76,5060,2023,4,2023-04,51360.02,10,12.71
77,5060,2023,5,2023-05,50365.64,42,2.14
78,5060,2023,6,2023-06,51636.52,13,12.74
79,5060,2023,7,2023-07,55880.97,37,28.0
80,5060,2023,8,2023-08,55198.24,29,4.47
81,5060,2023,9,2023-09,55178.39,8,24.42
82,5060,2023,10,2023-10,53146.54,8,0.71
83,5060,2023,11,2023-11,58044.42,40,27.54
84,5060,2023,12,2023-12,60645.81,20,0.19
85,5060,2024,1,2024-01,29727.44,6,21.58
86,5060,2024,2,2024-02,28418.95,23,21.99
87,5060,2024,3,2024-03,29759.91,28,2.94
88,5060,2024,4,2024-04,28468.12,17,9.04
89,5060,2024,5,2024-05,28015.96,14,33.29
90,5060,2024,6,2024-06,31417.77,44,5.41
91,5337,2023,1,2023-01,53484.94,12,14.89
92,5337,2023,2,2023-02,58182.34,7,33.55
93,5337,2023,3,2023-03,58940.17,33,6.34
94,5337,2023,4,2023-04,55984.09,6,17.18
95,5337,2023,5,2023-05,53346.1,43,29.02
96,5337,2023,6,2023-06,50420.2,44,14.1
97,5337,2023,7,2023-07,55135.23,44,11.31
98,5337,2023,8,2023-08,55516.02,34,16.08
99,5337,2023,9,2023-09,59935.28,23,11.93
100,5337,2023,10,2023-10,61528.99,6,1.15
101,5337,2023,11,2023-11,65081.21,8,27.79
102,5337,2023,12,2023-12,70068.42,27,21.0
103,5337,2024,1,2024-01,26242.09,34,6.79
104,5337,2024,2,2024-02,31153.5,34,16.02
105,5337,2024,3,2024-03,35762.8,22,0.24
106,5337,2024,4,2024-04,34309.42,18,1.15
107,5337,2024,5,2024-05,37700.24,5,29.7
108,5337,2024,6,2024-06,35074.39,28,14.04
109,5048,2023,1,2023-01,2052.09,41,19.62
110,5048,2023,2,2023-02,2056.57,24,0.92
111,5048,2023,3,2023-03,188.59,5,30.09
112,5048,2023,4,2023-04,0,12,7.83
113,5048,2023,5,2023-05,596.73,19,29.5
114,5048,2023,6,2023-06,5067.37,22,14.69
115,5048,2023,7,2023-07,6188.42,36,15.11
116,5048,2023,8,2023-08,7236.6,30,30.16
117,5048,2023,9,2023-09,11887.75,16,16.89
118,5048,2023,10,2023-10,12435.15,18,15.16
119,5048,2023,11,2023-11,17287.87,39,21.06
120,5048,2023,12,2023-12,18225.23,33,19.78
121,5048,2024,1,2024-01,27188.75,3,11.79
122,5048,2024,2,2024-02,29476.92,1,13.24
123,5048,2024,3,2024-03,27597.09,8,8.08
124,5048,2024,4,2024-04,24660.39,15,34.88
125,5048,2024,5,2024-05,29307.67,12,30.85
126,5048,2024,6,2024-06,31054.56,38,34.76
127,5294,2023,1,2023-01,44525.75,26,4.84
128,5294,2023,2,2023-02,49281.68,43,33.01
129,5294,2023,3,2023-03,51939.82,45,31.52
130,5294,2023,4,2023-04,50042.87,31,8.91
131,5294,2023,5,2023-05,54355.36,35,26.88
132,5294,2023,6,2023-06,57763.12,44,6.08
133,5294,2023,7,2023-07,60428.7,15,26.94
134,5294,2023,8,2023-08,63741.5,5,34.55
135,5294,2023,9,2023-09,67159.31,29,30.66
136,5294,2023,10,2023-10,69048.24,6,4.82
137,5294,2023,11,2023-11,66545.23,40,12.26
138,5294,2023,12,2023-12,66326.08,12,6.91
139,5294,2024,1,2024-01,10246.8,19,20.43
140,5294,2024,2,2024-02,12812.24,24,18.97
141,5294,2024,3,2024-03,14844.89,31,3.66
142,5294,2024,4,2024-04,16669.39,29,30.88
143,5294,2024,5,2024-05,16100.21,14,23.07
144,5294,2024,6,2024-06,20939.15,39,13.03
145,5003,2023,1,2023-01,37430.06,7,22.72
146,5003,2023,2,2023-02,38346.36,17,27.0
147,5003,2023,3,2023-03,37874.28,36,8.81
148,5003,2023,4,2023-04,38476.44,40,6.77
149,5003,2023,5,2023-05,35980.2,14,33.15
150,5003,2023,6,2023-06,39163.91,24,3.46
151,5003,2023,7,2023-07,43778.02,18,22.49
152,5003,2023,8,2023-08,44215.16,19,18.64
153,5003,2023,9,2023-09,48467.77,31,2.68
154,5003,2023,10,2023-10,53141.51,21,6.57
155,5003,2023,11,2023-11,53122.63,30,33.48
156,5003,2023,12,2023-12,55731.83,13,7.31
157,5003,2024,1,2024-01,42404.41,0,10.62
158,5003,2024,2,2024-02,45575.16,10,20.4
159,5003,2024,3,2024-03,47619.81,2,21.14
160,5003,2024,4,2024-04,51425.52,4,26.72
161,5003,2024,5,2024-05,49541.23,20,12.74
162,5003,2024,6,2024-06,54310.61,10,14.16
163,5259,2023,1,2023-01,16395.23,21,17.43
164,5259,2023,2,2023-02,13626.67,15,14.38
165,5259,2023,3,2023-03,11990.01,16,21.01
166,5259,2023,4,2023-04,16279.77,40,23.0
167,5259,2023,5,2023-05,15463.22,21,16.18
168,5259,2023,6,2023-06,15437.49,27,26.5
169,5259,2023,7,2023-07,17954.6,38,2.79
170,5259,2023,8,2023-08,17287.46,35,4.62
171,5259,2023,9,2023-09,14747.72,26,2.79
172,5259,2023,10,2023-10,14953.44,30,2.69
173,5259,2023,11,2023-11,13416.08,7,31.95
174,5259,2023,12,2023-12,16778.96,31,3.78
175,5259,2024,1,2024-01,27790.22,0,14.68
176,5259,2024,2,2024-02,32375.98,26,23.6
177,5259,2024,3,2024-03,36401.09,27,22.54
178,5259,2024,4,2024-04,34958.8,11,4.0
179,5259,2024,5,2024-05,32988.39,37,19.47
180,5259,2024,6,2024-06,34130.18,16,14.63
181,5022,2023,1,2023-01,20717.83,20,3.58
182,5022,2023,2,2023-02,20756.12,8,25.45
183,5022,2023,3,2023-03,24546.47,18,28.49
184,5022,2023,4,2023-04,24964.45,7,2.73
185,5022,2023,5,2023-05,23054.77,13,7.2
186,5022,2023,6,2023-06,26126.93,2,20.34
187,5022,2023,7,2023-07,30967.23,41,12.16
188,5022,2023,8,2023-08,32130.98,9,5.31
189,5022,2023,9,2023-09,30966.16,0,0.22
190,5022,2023,10,2023-10,34372.35,24,7.79
191,5022,2023,11,2023-11,38672.15,5,19.37
192,5022,2023,12,2023-12,43225.3,22,11.11
193,5022,2024,1,2024-01,33165.15,5,31.25
194,5022,2024,2,2024-02,35590.95,35,23.98
195,5022,2024,3,2024-03,37654.71,17,25.51
196,5022,2024,4,2024-04,39216.25,44,19.22
197,5022,2024,5,2024-05,41000.63,8,2.21
198,5022,2024,6,2024-06,44736.16,12,26.02
199,5144,2023,1,2023-01,4252.26,43,16.08
200,5144,2023,2,2023-02,7078.09,27,28.6
201,5144,2023,3,2023-03,5679.79,24,11.84
202,5144,2023,4,2023-04,6450.7,23,14.1
203,5144,2023,5,2023-05,6514.77,16,6.3
204,5144,2023,6,2023-06,8253.85,20,19.39
205,5144,2023,7,2023-07,13098.63,10,15.74
206,5144,2023,8,2023-08,17203.0,0,31.5
207,5144,2023,9,2023-09,16627.12,26,33.78
208,5144,2023,10,2023-10,19994.56,24,15.75
209,5144,2023,11,2023-11,17888.77,26,27.09
210,5144,2023,12,2023-12,20253.24,39,31.07
211,5144,2024,1,2024-01,29066.52,22,31.13
212,5144,2024,2,2024-02,28501.19,42,2.52
213,5144,2024,3,2024-03,33444.41,22,18.32
214,5144,2024,4,2024-04,38215.33,19,20.7
215,5144,2024,5,2024-05,42312.39,18,3.96
216,5144,2024,6,2024-06,43523.44,24,0.64
217,5235,2023,1,2023-01,13627.31,14,22.5
218,5235,2023,2,2023-02,12824.54,36,25.83
219,5235,2023,3,2023-03,17415.95,21,0.41
220,5235,2023,4,2023-04,14743.04,13,17.64
221,5235,2023,5,2023-05,12873.98,17,28.54
222,5235,2023,6,2023-06,14519.89,3,0.29
223,5235,2023,7,2023-07,18172.66,20,30.35
224,5235,2023,8,2023-08,17221.75,10,2.86
225,5235,2023,9,2023-09,18693.97,19,6.91
226,5235,2023,10,2023-10,23589.28,10,7.38
227,5235,2023,11,2023-11,28095.36,0,16.49
228,5235,2023,12,2023-12,32168.63,32,16.21
229,5235,2024,1,2024-01,45962.18,12,9.35
230,5235,2024,2,2024-02,48265.89,40,0.25
231,5235,2024,3,2024-03,45707.73,42,33.49
232,5235,2024,4,2024-04,47902.36,36,22.03
233,5235,2024,5,2024-05,45281.23,41,13.04
234,5235,2024,6,2024-06,46224.91,44,23.09
235,5375,2023,1,2023-01,31508.21,34,28.32
236,5375,2023,2,2023-02,30925.39,25,14.32
237,5375,2023,3,2023-03,30283.97,18,21.19
238,5375,2023,4,2023-04,29280.84,22,3.81
239,5375,2023,5,2023-05,28769.07,37,21.46
240,5375,2023,6,2023-06,29859.11,16,6.44
241,5375,2023,7,2023-07,32049.3,1,31.23
242,5375,2023,8,2023-08,34649.83,39,16.27
243,5375,2023,9,2023-09,32904.58,14,30.46
244,5375,2023,10,2023-10,36418.77,32,32.29
245,5375,2023,11,2023-11,38894.62,33,15.96
246,5375,2023,12,2023-12,43045.76,3,34.95
247,5375,2024,1,2024-01,22153.08,9,9.29
248,5375,2024,2,2024-02,23651.25,23,34.24
249,5375,2024,3,2024-03,20907.45,18,14.96
250,5375,2024,4,2024-04,24728.18,44,15.73
251,5375,2024,5,2024-05,21925.08,3,32.17
252,5375,2024,6,2024-06,18985.78,39,12.99
253,5154,2023,1,2023-01,22965.7,27,16.45
254,5154,2023,2,2023-02,23953.34,38,27.78
255,5154,2023,3,2023-03,24259.33,31,13.48
256,5154,2023,4,2023-04,29253.17,8,26.9
257,5154,2023,5,2023-05,34009.13,34,9.43
258,5154,2023,6,2023-06,31884.63,8,12.88
259,5154,2023,7,2023-07,34082.52,26,0.65
260,5154,2023,8,2023-08,32439.5,35,29.84
261,5154,2023,9,2023-09,34259.07,45,19.46
262,5154,2023,10,2023-10,35242.24,20,33.99
263,5154,2023,11,2023-11,39644.76,31,18.6
264,5154,2023,12,2023-12,40549.12,23,20.78
265,5154,2024,1,2024-01,17707.29,26,28.46
266,5154,2024,2,2024-02,22499.46,11,17.55
267,5154,2024,3,2024-03,22460.51,14,12.29
268,5154,2024,4,2024-04,21930.5,27,5.46
269,5154,2024,5,2024-05,19314.99,27,31.26
270,5154,2024,6,2024-06,19044.28,31,7.93
271,5298,2023,1,2023-01,38211.98,20,12.47
272,5298,2023,2,2023-02,39452.1,32,1.62
273,5298,2023,3,2023-03,36866.38,5,31.23
274,5298,2023,4,2023-04,39528.65,37,28.1
275,5298,2023,5,2023-05,39651.68,25,30.12
276,5298,2023,6,2023-06,41687.13,45,30.02
277,5298,2023,7,2023-07,41253.25,42,22.06
278,5298,2023,8,2023-08,45376.35,40,26.19
279,5298,2023,9,2023-09,49491.14,23,20.07
280,5298,2023,10,2023-10,49223.55,28,32.29
281,5298,2023,11,2023-11,49893.9,41,32.17
282,5298,2023,12,2023-12,49939.42,35,1.71
283,5298,2024,1,2024-01,6078.89,1,5.96
284,5298,2024,2,2024-02,4741.24,6,8.37
285,5298,2024,3,2024-03,2844.68,26,26.39
286,5298,2024,4,2024-04,7741.88,8,33.91
287,5298,2024,5,2024-05,7242.84,21,16.42
288,5298,2024,6,2024-06,8870.69,23,32.02
289,5393,2023,1,2023-01,17685.73,3,6.35
290,5393,2023,2,2023-02,20208.92,7,21.07
291,5393,2023,3,2023-03,24636.12,3,14.01
292,5393,2023,4,2023-04,23319.4,27,21.86
293,5393,2023,5,2023-05,27319.46,29,25.93
294,5393,2023,6,2023-06,26598.44,29,23.09
295,5393,2023,7,2023-07,27324.55,38,5.68
296,5393,2023,8,2023-08,30621.07,2,30.53
297,5393,2023,9,2023-09,27929.67,6,19.6
298,5393,2023,10,2023-10,26325.32,15,13.21
299,5393,2023,11,2023-11,29371.31,42,32.7
300,5393,2023,12,2023-12,27769.38,38,25.9
301,5393,2024,1,2024-01,37548.63,30,24.96
302,5393,2024,2,2024-02,42347.0,5,27.58
303,5393,2024,3,2024-03,43541.76,25,29.49
304,5393,2024,4,2024-04,46614.57,17,15.68
305,5393,2024,5,2024-05,45594.13,35,24.85
306,5393,2024,6,2024-06,43034.84,35,6.9
307,5329,2023,1,2023-01,8585.99,34,3.59
308,5329,2023,2,2023-02,9349.73,37,27.96
309,5329,2023,3,2023-03,11727.55,30,26.44
310,5329,2023,4,2023-04,12194.21,36,0.01
311,5329,2023,5,2023-05,10759.91,40,0.88
312,5329,2023,6,2023-06,10520.05,10,20.52
313,5329,2023,7,2023-07,14841.45,39,23.62
314,5329,2023,8,2023-08,12657.35,26,25.84
315,5329,2023,9,2023-09,13326.21,24,2.63
316,5329,2023,10,2023-10,14173.15,2,3.58
317,5329,2023,11,2023-11,16601.25,7,3.42
318,5329,2023,12,2023-12,19246.54,12,29.64
319,5329,2024,1,2024-01,16398.72,31,18.0
320,5329,2024,2,2024-02,16337.3,7,5.02
321,5329,2024,3,2024-03,19191.07,4,0.09
322,5329,2024,4,2024-04,23323.08,44,7.66
323,5329,2024,5,2024-05,24327.89,34,7.12
324,5329,2024,6,2024-06,27395.82,43,19.0
325,5023,2023,1,2023-01,49028.52,41,30.06
326,5023,2023,2,2023-02,51906.81,6,12.15
327,5023,2023,3,2023-03,54939.7,30,20.75
328,5023,2023,4,2023-04,57394.9,43,18.12
329,5023,2023,5,2023-05,58444.0,35,10.41
330,5023,2023,6,2023-06,58701.84,21,24.37
331,5023,2023,7,2023-07,60312.38,25,15.75
332,5023,2023,8,2023-08,63324.48,15,6.9
333,5023,2023,9,2023-09,68127.0,41,2.55
334,5023,2023,10,2023-10,68870.59,36,3.41
335,5023,2023,11,2023-11,69801.42,5,1.95
336,5023,2023,12,2023-12,72232.7,10,2.12
337,5023,2024,1,2024-01,25256.13,7,32.61
338,5023,2024,2,2024-02,26597.02,43,10.33
339,5023,2024,3,2024-03,25758.09,4,16.02
340,5023,2024,4,2024-04,27331.93,33,18.56
341,5023,2024,5,2024-05,28456.38,34,17.03
342,5023,2024,6,2024-06,29764.88,15,19.48
343,5182,2023,1,2023-01,16001.69,28,3.17
344,5182,2023,2,2023-02,16290.09,22,26.79
345,5182,2023,3,2023-03,13822.52,14,2.98
346,5182,2023,4,2023-04,14701.42,43,16.42
347,5182,2023,5,2023-05,12337.39,8,27.86
348,5182,2023,6,2023-06,15972.84,5,12.54
349,5182,2023,7,2023-07,20369.91,17,29.3
350,5182,2023,8,2023-08,25317.51,40,3.31
351,5182,2023,9,2023-09,29822.47,37,29.02
352,5182,2023,10,2023-10,27662.53,20,24.32
353,5182,2023,11,2023-11,30087.52,13,21.14
354,5182,2023,12,2023-12,34271.12,18,11.91
355,5182,2024,1,2024-01,37671.78,21,24.39
356,5182,2024,2,2024-02,39181.31,4,6.78
357,5182,2024,3,2024-03,36216.68,38,18.09
358,5182,2024,4,2024-04,33879.35,31,21.74
359,5182,2024,5,2024-05,37504.28,6,27.47
360,5182,2024,6,2024-06,41302.08,44,11.42
361,5045,2023,1,2023-01,34163.1,16,33.68
362,5045,2023,2,2023-02,37095.21,18,8.22
363,5045,2023,3,2023-03,41678.63,45,22.01
364,5045,2023,4,2023-04,42440.9,18,2.29
365,5045,2023,5,2023-05,46931.91,7,4.42
366,5045,2023,6,2023-06,48678.52,35,21.4
367,5045,2023,7,2023-07,53297.97,45,31.96
368,5045,2023,8,2023-08,55307.69,37,17.46
369,5045,2023,9,2023-09,55432.01,34,16.86
370,5045,2023,10,2023-10,57368.53,31,27.39
371,5045,2023,11,2023-11,60667.85,12,28.92
372,5045,2023,12,2023-12,58668.39,44,22.36
373,5045,2024,1,2024-01,33608.45,29,32.04
374,5045,2024,2,2024-02,31621.95,23,27.86
375,5045,2024,3,2024-03,31945.8,29,3.52
376,5045,2024,4,2024-04,34257.77,44,32.68
377,5045,2024,5,2024-05,36710.75,28,6.68
378,5045,2024,6,2024-06,40292.22,26,33.24
379,5191,2023,1,2023-01,41388.84,42,0.32
380,5191,2023,2,2023-02,41060.39,18,17.41
381,5191,2023,3,2023-03,42667.61,14,12.27
382,5191,2023,4,2023-04,41347.72,29,15.74
383,5191,2023,5,2023-05,39386.8,7,17.98
384,5191,2023,6,2023-06,37236.51,42,6.87
385,5191,2023,7,2023-07,36742.21,41,27.47
386,5191,2023,8,2023-08,40286.02,32,9.29
387,5191,2023,9,2023-09,39130.54,36,28.06
388,5191,2023,10,2023-10,42135.73,18,4.12
389,5191,2023,11,2023-11,42045.4,7,28.35
390,5191,2023,12,2023-12,40086.99,43,31.89
391,5191,2024,1,2024-01,22751.64,36,17.17
392,5191,2024,2,2024-02,23845.9,14,15.5
393,5191,2024,3,2024-03,21244.04,4,4.61
394,5191,2024,4,2024-04,26041.63,7,32.33
395,5191,2024,5,2024-05,29747.07,5,1.67
396,5191,2024,6,2024-06,28543.67,15,22.67
397,5267,2023,1,2023-01,9209.13,10,20.62
398,5267,2023,2,2023-02,9802.08,38,16.38
399,5267,2023,3,2023-03,8832.2,16,11.88
400,5267,2023,4,2023-04,9716.67,40,33.67
401,5267,2023,5,2023-05,12053.09,26,32.36
402,5267,2023,6,2023-06,14534.11,41,32.63
403,5267,2023,7,2023-07,12734.38,11,7.08
404,5267,2023,8,2023-08,13219.3,14,15.71
405,5267,2023,9,2023-09,14558.47,15,3.1
406,5267,2023,10,2023-10,11855.16,27,14.74
407,5267,2023,11,2023-11,9676.25,40,7.13
408,5267,2023,12,2023-12,10581.13,26,19.4
409,5267,2024,1,2024-01,18038.51,14,7.03
410,5267,2024,2,2024-02,16570.9,45,14.99
411,5267,2024,3,2024-03,19234.0,16,29.22
412,5267,2024,4,2024-04,19083.52,19,24.55
413,5267,2024,5,2024-05,20431.61,28,8.57
414,5267,2024,6,2024-06,22205.76,16,19.23
415,5145,2023,1,2023-01,31576.61,25,3.29
416,5145,2023,2,2023-02,33082.68,30,29.2
417,5145,2023,3,2023-03,30856.46,32,25.9
418,5145,2023,4,2023-04,34091.36,10,25.49
419,5145,2023,5,2023-05,34556.97,40,5.19
420,5145,2023,6,2023-06,32575.47,41,33.25
421,5145,2023,7,2023-07,34353.15,37,9.38
422,5145,2023,8,2023-08,32541.46,21,29.81
423,5145,2023,9,2023-09,35283.18,24,8.3
424,5145,2023,10,2023-10,39100.93,44,11.81
425,5145,2023,11,2023-11,39091.29,32,24.96
426,5145,2023,12,2023-12,40097.7,23,22.67
427,5145,2024,1,2024-01,30145.05,9,23.0
428,5145,2024,2,2024-02,27620.75,13,17.54
429,5145,2024,3,2024-03,26622.14,42,28.04
430,5145,2024,4,2024-04,30845.34,39,29.99
431,5145,2024,5,2024-05,28222.66,34,16.29
432,5145,2024,6,2024-06,25912.4,12,3.77
433,5265,2023,1,2023-01,41659.15,21,34.9
434,5265,2023,2,2023-02,41972.26,44,19.35
435,5265,2023,3,2023-03,43672.28,15,22.93
436,5265,2023,4,2023-04,42705.56,38,8.28
437,5265,2023,5,2023-05,47638.36,36,31.64
438,5265,2023,6,2023-06,47621.22,44,23.41
439,5265,2023,7,2023-07,51759.79,0,2.8
440,5265,2023,8,2023-08,54503.94,42,16.15
441,5265,2023,9,2023-09,55277.81,22,7.42
442,5265,2023,10,2023-10,58722.53,33,24.89
443,5265,2023,11,2023-11,59445.22,21,24.28
444,5265,2023,12,2023-12,60427.55,27,9.34
445,5265,2024,1,2024-01,11415.12,25,9.85
446,5265,2024,2,2024-02,8450.31,35,31.13
447,5265,2024,3,2024-03,6095.8,5,23.02
448,5265,2024,4,2024-04,7762.65,3,6.48
449,5265,2024,5,2024-05,10163.45,5,0.97
450,5265,2024,6,2024-06,11707.35,41,32.02
451,5268,2023,1,2023-01,46603.68,0,34.45
452,5268,2023,2,2023-02,43636.62,6,0.48
453,5268,2023,3,2023-03,48418.92,40,6.86
454,5268,2023,4,2023-04,51289.76,10,3.64
455,5268,2023,5,2023-05,53937.24,8,19.61
456,5268,2023,6,2023-06,53805.85,1,32.11
457,5268,2023,7,2023-07,51842.74,37,32.91
458,5268,2023,8,2023-08,49434.27,13,11.73
459,5268,2023,9,2023-09,47497.2,41,8.73
460,5268,2023,10,2023-10,48648.07,8,18.99
461,5268,2023,11,2023-11,48344.82,43,24.62
462,5268,2023,12,2023-12,53329.01,31,19.66
463,5268,2024,1,2024-01,23526.91,45,7.02
464,5268,2024,2,2024-02,20962.25,14,29.21
465,5268,2024,3,2024-03,20794.88,33,32.08
466,5268,2024,4,2024-04,23220.47,25,0.05
467,5268,2024,5,2024-05,20658.85,1,9.8
468,5268,2024,6,2024-06,20807.5,33,7.09
469,5260,2023,1,2023-01,51194.22,6,22.54
470,5260,2023,2,2023-02,48632.65,26,12.57
471,5260,2023,3,2023-03,51212.96,13,25.92
472,5260,2023,4,2023-04,50744.87,2,25.18
473,5260,2023,5,2023-05,52384.96,26,11.2
474,5260,2023,6,2023-06,53892.46,38,18.22
475,5260,2023,7,2023-07,56381.31,25,29.19
476,5260,2023,8,2023-08,56166.18,6,12.27
477,5260,2023,9,2023-09,56751.94,2,3.3
478,5260,2023,10,2023-10,54969.32,30,9.66
479,5260,2023,11,2023-11,57791.99,9,32.71
480,5260,2023,12,2023-12,62204.62,27,22.41
481,5260,2024,1,2024-01,28395.19,17,4.7
482,5260,2024,2,2024-02,30182.47,20,10.52
483,5260,2024,3,2024-03,31116.52,31,2.97
484,5260,2024,4,2024-04,29325.46,8,28.91
485,5260,2024,5,2024-05,29957.61,9,5.8
486,5260,2024,6,2024-06,32808.78,15,24.01
487,5067,2023,1,2023-01,19145.28,1,29.67
488,5067,2023,2,2023-02,19382.38,43,4.46
489,5067,2023,3,2023-03,22269.5,30,0.03
490,5067,2023,4,2023-04,24587.92,14,22.59
491,5067,2023,5,2023-05,29025.24,6,5.14
492,5067,2023,6,2023-06,31621.51,7,27.67
493,5067,2023,7,2023-07,30350.82,29,33.06
494,5067,2023,8,2023-08,35114.29,9,17.59
495,5067,2023,9,2023-09,38826.77,16,24.11
496,5067,2023,10,2023-10,40007.03,9,5.75
497,5067,2023,11,2023-11,44719.08,32,6.89
498,5067,2023,12,2023-12,47642.16,32,16.26
499,5067,2024,1,2024-01,26345.57,7,22.94
500,5067,2024,2,2024-02,30070.11,1,9.8
501,5067,2024,3,2024-03,31323.8,11,24.96
502,5067,2024,4,2024-04,32545.48,32,8.21
503,5067,2024,5,2024-05,36180.11,42,28.68
504,5067,2024,6,2024-06,33828.34,34,22.93
505,5036,2023,1,2023-01,12331.17,10,8.93
506,5036,2023,2,2023-02,16356.38,23,5.79
507,5036,2023,3,2023-03,16307.09,11,7.7
508,5036,2023,4,2023-04,15571.91,14,24.78
509,5036,2023,5,2023-05,14281.56,5,2.62
510,5036,2023,6,2023-06,16218.04,16,16.85
511,5036,2023,7,2023-07,13758.16,4,17.32
512,5036,2023,8,2023-08,11942.08,15,31.37
513,5036,2023,9,2023-09,11998.14,40,34.66
514,5036,2023,10,2023-10,14704.89,37,22.82
515,5036,2023,11,2023-11,18951.28,42,3.7
516,5036,2023,12,2023-12,22772.89,40,1.48
517,5036,2024,1,2024-01,30226.2,31,31.38
518,5036,2024,2,2024-02,30218.59,27,16.15
519,5036,2024,3,2024-03,28586.73,41,30.45
520,5036,2024,4,2024-04,25954.84,27,17.42
521,5036,2024,5,2024-05,25408.96,14,34.84
522,5036,2024,6,2024-06,23635.2,6,26.41
523,5095,2023,1,2023-01,52975.48,25,8.23
524,5095,2023,2,2023-02,55897.37,28,31.7
525,5095,2023,3,2023-03,57595.45,33,21.8
526,5095,2023,4,2023-04,58702.46,9,18.2
527,5095,2023,5,2023-05,58707.19,44,33.84
528,5095,2023,6,2023-06,57872.8,8,13.61
529,5095,2023,7,2023-07,56858.43,21,20.65
530,5095,2023,8,2023-08,57904.96,14,27.18
531,5095,2023,9,2023-09,61921.08,33,5.3
532,5095,2023,10,2023-10,60681.5,30,16.53
533,5095,2023,11,2023-11,64599.91,27,26.0
534,5095,2023,12,2023-12,67605.77,41,32.71
535,5095,2024,1,2024-01,47582.48,44,27.9
536,5095,2024,2,2024-02,47740.17,5,16.56
537,5095,2024,3,2024-03,50511.05,41,29.54
538,5095,2024,4,2024-04,51311.75,39,11.18
539,5095,2024,5,2024-05,52300.09,35,1.65
540,5095,2024,6,2024-06,52322.19,41,13.23
541,5383,2023,1,2023-01,39862.92,24,22.8
542,5383,2023,2,2023-02,41298.91,22,30.99
543,5383,2023,3,2023-03,38505.35,23,13.61
544,5383,2023,4,2023-04,42573.47,13,18.74
545,5383,2023,5,2023-05,45375.38,14,6.83
546,5383,2023,6,2023-06,46796.43,4,26.95
547,5383,2023,7,2023-07,51627.43,42,33.67
548,5383,2023,8,2023-08,56601.9,36,32.75
549,5383,2023,9,2023-09,57888.91,0,32.82
550,5383,2023,10,2023-10,57077.83,23,14.53
551,5383,2023,11,2023-11,57425.31,13,11.07
552,5383,2023,12,2023-12,60036.91,12,23.79
553,5383,2024,1,2024-01,1937.18,20,13.01
554,5383,2024,2,2024-02,6566.14,5,16.89
555,5383,2024,3,2024-03,5854.74,25,6.76
556,5383,2024,4,2024-04,8184.8,22,4.1
557,5383,2024,5,2024-05,7418.4,26,15.98
558,5383,2024,6,2024-06,8057.76,3,22.82
559,5030,2023,1,2023-01,49649.96,25,30.7
560,5030,2023,2,2023-02,54028.58,39,32.15
561,5030,2023,3,2023-03,58997.34,11,9.73
562,5030,2023,4,2023-04,61096.08,25,4.42
563,5030,2023,5,2023-05,65978.06,19,26.13
564,5030,2023,6,2023-06,63700.75,45,22.78
565,5030,2023,7,2023-07,62876.35,29,9.64
566,5030,2023,8,2023-08,66241.62,39,12.51
567,5030,2023,9,2023-09,69517.57,14,19.76
568,5030,2023,10,2023-10,66867.11,16,30.79
569,5030,2023,11,2023-11,65483.91,7,17.96
570,5030,2023,12,2023-12,69736.17,4,29.42
571,5030,2024,1,2024-01,25731.53,33,31.56
572,5030,2024,2,2024-02,22985.93,27,3.66
573,5030,2024,3,2024-03,24478.41,37,20.5
574,5030,2024,4,2024-04,23467.04,42,31.01
575,5030,2024,5,2024-05,27127.11,1,14.27
576,5030,2024,6,2024-06,24424.74,33,19.62
577,5387,2023,1,2023-01,18538.14,8,22.87
578,5387,2023,2,2023-02,16852.95,31,18.63
579,5387,2023,3,2023-03,15493.99,1,21.92
580,5387,2023,4,2023-04,19839.88,37,33.81
581,5387,2023,5,2023-05,17506.5,36,6.13
582,5387,2023,6,2023-06,15958.1,39,28.56
583,5387,2023,7,2023-07,19552.87,43,20.48
584,5387,2023,8,2023-08,21318.6,45,27.62
585,5387,2023,9,2023-09,26168.91,32,12.32
586,5387,2023,10,2023-10,29179.35,14,5.67
587,5387,2023,11,2023-11,30151.46,29,16.58
588,5387,2023,12,2023-12,30004.97,42,28.27
589,5387,2024,1,2024-01,50225.73,29,3.19
590,5387,2024,2,2024-02,51508.69,43,22.04
591,5387,2024,3,2024-03,53274.3,9,10.77
592,5387,2024,4,2024-04,55835.09,27,14.28
593,5387,2024,5,2024-05,55363.52,37,0.27
594,5387,2024,6,2024-06,59326.3,12,9.36
595,5334,2023,1,2023-01,31019.98,28,8.8
596,5334,2023,2,2023-02,30638.2,3,3.77
597,5334,2023,3,2023-03,33037.48,36,19.53
598,5334,2023,4,2023-04,32756.72,22,8.8
599,5334,2023,5,2023-05,37209.34,26,4.76
600,5334,2023,6,2023-06,35610.08,4,15.94
601,5334,2023,7,2023-07,33394.61,44,34.09
602,5334,2023,8,2023-08,38334.79,0,3.63
603,5334,2023,9,2023-09,39490.54,24,9.01
604,5334,2023,10,2023-10,42226.51,30,2.61
605,5334,2023,11,2023-11,39834.61,0,32.83
606,5334,2023,12,2023-12,41635.69,30,26.94
607,5334,2024,1,2024-01,23604.48,8,20.03
608,5334,2024,2,2024-02,23477.52,21,23.86
609,5334,2024,3,2024-03,23953.53,30,6.02
610,5334,2024,4,2024-04,21656.3,9,9.41
611,5334,2024,5,2024-05,22817.49,39,8.93
612,5334,2024,6,2024-06,25714.4,23,31.26
613,5338,2023,1,2023-01,6263.67,39,13.78
614,5338,2023,2,2023-02,8724.15,41,14.42
615,5338,2023,3,2023-03,10420.97,17,34.57
616,5338,2023,4,2023-04,10207.18,23,3.24
617,5338,2023,5,2023-05,13172.7,30,4.7
618,5338,2023,6,2023-06,12446.34,43,8.14
619,5338,2023,7,2023-07,13501.86,12,19.09
620,5338,2023,8,2023-08,11738.34,26,11.94
621,5338,2023,9,2023-09,10759.67,24,28.73
622,5338,2023,10,2023-10,13498.32,12,16.87
623,5338,2023,11,2023-11,13755.27,32,27.58
624,5338,2023,12,2023-12,14974.3,17,31.27
625,5338,2024,1,2024-01,46257.92,20,31.99
626,5338,2024,2,2024-02,45497.84,30,31.79
627,5338,2024,3,2024-03,48458.82,36,22.3
628,5338,2024,4,2024-04,53085.23,34,2.23
629,5338,2024,5,2024-05,58015.37,32,34.91
630,5338,2024,6,2024-06,62034.14,16,20.61
631,5336,2023,1,2023-01,36228.42,17,17.18
632,5336,2023,2,2023-02,38258.08,40,5.66
633,5336,2023,3,2023-03,37060.42,29,4.58
634,5336,2023,4,2023-04,38465.97,26,6.67
635,5336,2023,5,2023-05,40804.94,37,5.17
636,5336,2023,6,2023-06,38701.22,26,30.06
637,5336,2023,7,2023-07,40317.76,14,7.86
638,5336,2023,8,2023-08,40192.97,40,28.09
639,5336,2023,9,2023-09,38696.92,5,9.32
640,5336,2023,10,2023-10,37070.55,25,33.52
641,5336,2023,11,2023-11,40034.12,23,7.63
642,5336,2023,12,2023-12,43880.28,32,18.9
643,5336,2024,1,2024-01,45140.36,3,21.37
644,5336,2024,2,2024-02,47613.22,38,29.39
645,5336,2024,3,2024-03,46738.64,7,34.56
646,5336,2024,4,2024-04,50616.54,37,11.28
647,5336,2024,5,2024-05,49910.99,29,0.72
648,5336,2024,6,2024-06,48965.63,35,34.58
649,5096,2023,1,2023-01,33354.4,5,20.55
650,5096,2023,2,2023-02,31836.21,44,10.8
651,5096,2023,3,2023-03,35504.58,45,5.78
652,5096,2023,4,2023-04,38544.44,32,5.63
653,5096,2023,5,2023-05,36255.64,16,27.33
654,5096,2023,6,2023-06,38209.63,22,21.39
655,5096,2023,7,2023-07,39275.95,25,16.9
656,5096,2023,8,2023-08,43077.55,8,25.9
657,5096,2023,9,2023-09,40934.72,7,20.05
658,5096,2023,10,2023-10,38471.22,29,6.56
659,5096,2023,11,2023-11,42474.77,1,2.09
660,5096,2023,12,2023-12,39582.88,38,6.47
661,5096,2024,1,2024-01,4467.07,44,21.65
662,5096,2024,2,2024-02,1583.52,19,9.23
663,5096,2024,3,2024-03,4569.25,22,0.76
664,5096,2024,4,2024-04,5467.45,1,34.81
665,5096,2024,5,2024-05,8521.32,17,14.13
666,5096,2024,6,2024-06,6093.44,8,32.63
667,5240,2023,1,2023-01,8086.55,17,2.84
668,5240,2023,2,2023-02,8289.68,13,28.12
669,5240,2023,3,2023-03,10189.89,44,14.97
670,5240,2023,4,2023-04,9640.73,2,13.85
671,5240,2023,5,2023-05,13333.14,5,33.41
672,5240,2023,6,2023-06,18312.65,44,3.85
673,5240,2023,7,2023-07,16096.12,29,13.31
674,5240,2023,8,2023-08,18921.56,24,20.43
675,5240,2023,9,2023-09,20904.33,7,1.03
676,5240,2023,10,2023-10,22347.88,40,24.58
677,5240,2023,11,2023-11,24881.64,34,6.87
678,5240,2023,12,2023-12,26900.46,29,30.45
679,5240,2024,1,2024-01,10074.99,29,7.62
680,5240,2024,2,2024-02,10352.33,19,3.36
681,5240,2024,3,2024-03,7718.18,17,26.89
682,5240,2024,4,2024-04,4725.47,16,15.92
683,5240,2024,5,2024-05,7654.86,8,28.87
684,5240,2024,6,2024-06,11262.75,12,18.36
685,5084,2023,1,2023-01,46968.01,15,20.44
686,5084,2023,2,2023-02,50392.8,45,0.49
687,5084,2023,3,2023-03,51309.65,42,7.33
688,5084,2023,4,2023-04,53863.02,43,20.31
689,5084,2023,5,2023-05,55887.99,3,33.7
690,5084,2023,6,2023-06,53726.78,13,11.63
691,5084,2023,7,2023-07,53496.97,38,34.22
692,5084,2023,8,2023-08,57456.23,45,9.1
693,5084,2023,9,2023-09,58202.59,7,0.11
694,5084,2023,10,2023-10,62013.81,38,24.73
695,5084,2023,11,2023-11,65231.96,15,30.97
696,5084,2023,12,2023-12,65102.99,21,11.23
697,5084,2024,1,2024-01,1834.59,45,8.92
698,5084,2024,2,2024-02,4533.95,29,29.63
699,5084,2024,3,2024-03,2868.99,43,19.57
700,5084,2024,4,2024-04,1338.5,42,20.69
701,5084,2024,5,2024-05,6031.24,19,15.95
702,5084,2024,6,2024-06,4069.44,33,21.74
703,5168,2023,1,2023-01,31338.57,11,24.07
704,5168,2023,2,2023-02,29730.62,0,6.92
705,5168,2023,3,2023-03,27524.73,2,34.95
706,5168,2023,4,2023-04,30214.24,32,10.09
707,5168,2023,5,2023-05,30625.54,7,15.53
708,5168,2023,6,2023-06,32203.43,11,14.63
709,5168,2023,7,2023-07,36419.46,36,20.56
710,5168,2023,8,2023-08,37528.91,40,27.13
711,5168,2023,9,2023-09,38112.65,32,18.72
712,5168,2023,10,2023-10,41203.95,20,19.61
713,5168,2023,11,2023-11,45305.61,44,24.86
714,5168,2023,12,2023-12,46679.36,33,19.48
715,5168,2024,1,2024-01,20927.85,9,31.03
716,5168,2024,2,2024-02,18825.12,20,28.37
717,5168,2024,3,2024-03,21147.71,32,24.67
718,5168,2024,4,2024-04,20635.48,15,32.29
719,5168,2024,5,2024-05,23667.43,34,1.94
720,5168,2024,6,2024-06,27425.32,23,22.3
721,5385,2023,1,2023-01,30458.35,15,22.62
722,5385,2023,2,2023-02,35024.74,41,22.23
723,5385,2023,3,2023-03,36396.97,39,18.37
724,5385,2023,4,2023-04,33989.77,24,6.02
725,5385,2023,5,2023-05,36664.78,34,0.76
726,5385,2023,6,2023-06,40860.98,6,3.25
727,5385,2023,7,2023-07,41906.12,45,23.97
728,5385,2023,8,2023-08,40465.48,33,23.2
729,5385,2023,9,2023-09,40147.42,13,30.23
730,5385,2023,10,2023-10,40249.91,24,14.16
731,5385,2023,11,2023-11,39940.14,21,27.99
732,5385,2023,12,2023-12,39657.15,35,32.58
733,5385,2024,1,2024-01,33644.59,33,26.84
734,5385,2024,2,2024-02,37316.98,19,21.58
735,5385,2024,3,2024-03,34428.58,25,31.22
736,5385,2024,4,2024-04,33364.96,45,4.83
737,5385,2024,5,2024-05,33301.08,7,30.23
738,5385,2024,6,2024-06,30339.11,8,33.06
739,5063,2023,1,2023-01,11966.77,31,20.37
740,5063,2023,2,2023-02,13621.91,22,33.9
741,5063,2023,3,2023-03,18185.24,16,31.52
742,5063,2023,4,2023-04,21838.53,37,12.37
743,5063,2023,5,2023-05,24480.88,8,8.86
744,5063,2023,6,2023-06,28816.67,36,19.28
745,5063,2023,7,2023-07,31178.39,29,32.18
746,5063,2023,8,2023-08,33379.95,10,4.95
747,5063,2023,9,2023-09,33271.38,32,12.06
748,5063,2023,10,2023-10,34787.65,10,27.5
749,5063,2023,11,2023-11,35545.18,22,30.96
750,5063,2023,12,2023-12,39120.25,14,0.21
751,5063,2024,1,2024-01,28949.79,31,33.48
752,5063,2024,2,2024-02,27165.56,36,16.53
753,5063,2024,3,2024-03,31731.73,36,28.28
754,5063,2024,4,2024-04,34429.78,19,2.18
755,5063,2024,5,2024-05,32885.68,9,15.29
756,5063,2024,6,2024-06,33944.19,34,4.23
757,5330,2023,1,2023-01,43374.58,15,33.47
758,5330,2023,2,2023-02,42947.67,1,30.91
759,5330,2023,3,2023-03,45150.48,27,32.54
760,5330,2023,4,2023-04,45552.16,40,29.53
761,5330,2023,5,2023-05,45086.74,2,28.41
762,5330,2023,6,2023-06,45949.99,7,8.47
763,5330,2023,7,2023-07,48204.61,29,33.27
764,5330,2023,8,2023-08,45416.75,30,21.98
765,5330,2023,9,2023-09,43380.76,14,28.76
766,5330,2023,10,2023-10,47283.97,41,34.72
767,5330,2023,11,2023-11,45618.68,14,11.15
768,5330,2023,12,2023-12,46009.47,26,5.75
769,5330,2024,1,2024-01,18439.3,11,25.83
770,5330,2024,2,2024-02,21518.38,24,18.49
771,5330,2024,3,2024-03,20772.11,25,11.4
772,5330,2024,4,2024-04,19018.81,6,6.84
773,5330,2024,5,2024-05,17389.11,23,17.14
774,5330,2024,6,2024-06,20810.28,13,34.11
775,5038,2023,1,2023-01,8768.7,36,29.0
776,5038,2023,2,2023-02,6092.15,2,30.63
777,5038,2023,3,2023-03,3985.53,30,29.19
778,5038,2023,4,2023-04,4753.64,7,21.77
779,5038,2023,5,2023-05,2214.84,27,8.87
780,5038,2023,6,2023-06,2336.09,33,4.96
781,5038,2023,7,2023-07,7139.14,42,18.82
782,5038,2023,8,2023-08,11768.58,7,23.62
783,5038,2023,9,2023-09,13661.78,28,4.89
784,5038,2023,10,2023-10,13792.78,42,28.72
785,5038,2023,11,2023-11,13480.15,23,6.05
786,5038,2023,12,2023-12,12478.75,11,17.13
787,5038,2024,1,2024-01,23861.52,40,1.4
788,5038,2024,2,2024-02,28543.96,36,6.64
789,5038,2024,3,2024-03,25546.49,18,32.84
790,5038,2024,4,2024-04,28972.14,5,23.91
791,5038,2024,5,2024-05,26685.76,25,1.01
792,5038,2024,6,2024-06,27813.34,33,13.19
793,5142,2023,1,2023-01,46925.37,7,15.19
794,5142,2023,2,2023-02,48802.57,11,0.68
795,5142,2023,3,2023-03,52767.68,28,29.43
796,5142,2023,4,2023-04,50334.51,44,7.73
797,5142,2023,5,2023-05,49931.64,19,10.66
798,5142,2023,6,2023-06,54033.45,22,34.75
799,5142,2023,7,2023-07,58796.63,31,30.89
800,5142,2023,8,2023-08,59211.27,8,33.4
801,5142,2023,9,2023-09,62497.98,22,22.58
802,5142,2023,10,2023-10,66669.15,44,11.64
803,5142,2023,11,2023-11,67573.8,41,3.07
804,5142,2023,12,2023-12,72238.19,0,2.65
805,5142,2024,1,2024-01,17517.88,19,3.99
806,5142,2024,2,2024-02,15029.43,41,12.33
807,5142,2024,3,2024-03,14445.69,12,29.9
808,5142,2024,4,2024-04,14464.15,34,20.73
809,5142,2024,5,2024-05,15376.98,34,6.66
810,5142,2024,6,2024-06,14886.07,15,8.87
811,5055,2023,1,2023-01,34807.71,12,23.97
812,5055,2023,2,2023-02,37004.91,31,25.17
813,5055,2023,3,2023-03,37302.72,38,12.91
814,5055,2023,4,2023-04,42296.88,36,22.99
815,5055,2023,5,2023-05,46872.06,12,6.53
816,5055,2023,6,2023-06,51376.77,21,18.32
817,5055,2023,7,2023-07,50087.28,31,9.17
818,5055,2023,8,2023-08,55013.54,33,12.74
819,5055,2023,9,2023-09,52409.9,33,6.26
820,5055,2023,10,2023-10,54440.78,25,22.38
821,5055,2023,11,2023-11,52620.16,12,22.97
822,5055,2023,12,2023-12,52882.48,13,19.69
823,5055,2024,1,2024-01,39826.01,29,6.26
824,5055,2024,2,2024-02,36911.41,2,21.67
825,5055,2024,3,2024-03,35005.88,29,7.98
826,5055,2024,4,2024-04,37088.0,10,4.17
827,5055,2024,5,2024-05,36725.82,29,25.33
828,5055,2024,6,2024-06,40025.91,14,7.39
829,5221,2023,1,2023-01,30344.22,26,13.46
830,5221,2023,2,2023-02,28344.81,26,25.89
831,5221,2023,3,2023-03,25490.41,23,33.31
832,5221,2023,4,2023-04,24846.85,20,8.54
833,5221,2023,5,2023-05,25034.69,3,4.88
834,5221,2023,6,2023-06,25426.93,5,11.14
835,5221,2023,7,2023-07,28409.52,20,11.74
836,5221,2023,8,2023-08,31694.76,17,0.24
837,5221,2023,9,2023-09,35885.9,36,21.64
838,5221,2023,10,2023-10,36733.22,4,1.56
839,5221,2023,11,2023-11,37833.62,12,16.87
840,5221,2023,12,2023-12,35332.16,28,34.46
841,5221,2024,1,2024-01,38730.44,35,1.33
842,5221,2024,2,2024-02,43613.96,42,26.59
843,5221,2024,3,2024-03,43895.06,27,16.04
844,5221,2024,4,2024-04,45279.22,23,29.57
845,5221,2024,5,2024-05,49021.41,19,34.24
846,5221,2024,6,2024-06,53719.03,35,1.98
847,5264,2023,1,2023-01,136.69,8,11.37
848,5264,2023,2,2023-02,0,2,11.97
849,5264,2023,3,2023-03,4681.57,11,30.86
850,5264,2023,4,2023-04,9125.55,22,24.94
851,5264,2023,5,2023-05,10904.47,24,6.84
852,5264,2023,6,2023-06,11231.5,18,0.01
853,5264,2023,7,2023-07,13940.45,18,33.32
854,5264,2023,8,2023-08,16625.16,5,34.89
855,5264,2023,9,2023-09,17481.63,5,20.74
856,5264,2023,10,2023-10,16859.75,17,33.25
857,5264,2023,11,2023-11,16403.76,32,30.82
858,5264,2023,12,2023-12,19392.06,4,11.52
859,5264,2024,1,2024-01,45347.48,26,0.39
860,5264,2024,2,2024-02,50174.91,2,13.12
861,5264,2024,3,2024-03,51571.8,11,15.39
862,5264,2024,4,2024-04,51155.52,17,28.09
863,5264,2024,5,2024-05,53685.01,20,28.84
864,5264,2024,6,2024-06,56038.53,22,14.54
865,5290,2023,1,2023-01,46205.52,42,10.8
866,5290,2023,2,2023-02,44943.36,13,5.5
867,5290,2023,3,2023-03,49614.23,20,24.69
868,5290,2023,4,2023-04,48410.16,44,29.99
869,5290,2023,5,2023-05,53053.29,28,16.72
870,5290,2023,6,2023-06,57311.92,7,17.5
871,5290,2023,7,2023-07,59563.64,14,24.74
872,5290,2023,8,2023-08,57569.58,25,12.88
873,5290,2023,9,2023-09,55218.32,5,10.35
874,5290,2023,10,2023-10,56343.02,13,28.8
875,5290,2023,11,2023-11,59332.38,44,17.32
876,5290,2023,12,2023-12,59976.12,32,10.74
877,5290,2024,1,2024-01,21268.94,38,18.18
878,5290,2024,2,2024-02,24538.82,14,13.26
879,5290,2024,3,2024-03,22948.32,4,16.71
880,5290,2024,4,2024-04,26681.74,43,31.65
881,5290,2024,5,2024-05,24278.71,16,6.52
882,5290,2024,6,2024-06,21737.3,35,2.43
883,5175,2023,1,2023-01,15325.65,41,15.76
884,5175,2023,2,2023-02,19083.92,24,2.11
885,5175,2023,3,2023-03,21329.95,14,25.23
886,5175,2023,4,2023-04,21527.05,12,32.8
887,5175,2023,5,2023-05,25979.71,7,15.86
888,5175,2023,6,2023-06,27891.11,11,8.67
889,5175,2023,7,2023-07,31630.65,15,22.13
890,5175,2023,8,2023-08,35260.44,27,28.07
891,5175,2023,9,2023-09,35744.61,37,14.96
892,5175,2023,10,2023-10,33721.85,28,19.29
893,5175,2023,11,2023-11,36659.52,1,3.56
894,5175,2023,12,2023-12,37318.33,17,11.65
895,5175,2024,1,2024-01,28602.34,8,5.31
896,5175,2024,2,2024-02,26344.7,30,30.03
897,5175,2024,3,2024-03,23346.04,32,34.59
898,5175,2024,4,2024-04,22298.18,25,32.96
899,5175,2024,5,2024-05,21282.44,14,12.3
900,5175,2024,6,2024-06,23838.0,3,2.73
901,5020,2023,1,2023-01,2093.37,1,5.57
902,5020,2023,2,2023-02,88.42,3,12.23
903,5020,2023,3,2023-03,5051.64,20,31.18
904,5020,2023,4,2023-04,6490.37,10,23.93
905,5020,2023,5,2023-05,3561.8,19,10.0
906,5020,2023,6,2023-06,5567.07,28,28.38
907,5020,2023,7,2023-07,7386.64,40,11.49
908,5020,2023,8,2023-08,6356.13,25,24.37
909,5020,2023,9,2023-09,6520.28,16,31.0
910,5020,2023,10,2023-10,6102.74,10,27.24
911,5020,2023,11,2023-11,9802.01,43,27.06
912,5020,2023,12,2023-12,6875.26,45,30.93
913,5020,2024,1,2024-01,44245.05,16,18.27
914,5020,2024,2,2024-02,43132.96,34,16.93
915,5020,2024,3,2024-03,44233.8,11,20.77
916,5020,2024,4,2024-04,49231.52,2,13.76
917,5020,2024,5,2024-05,46436.91,34,24.6
918,5020,2024,6,2024-06,50509.8,3,34.11
919,5207,2023,1,2023-01,29124.09,20,6.16
920,5207,2023,2,2023-02,34104.82,44,16.71
921,5207,2023,3,2023-03,31806.18,45,31.24
922,5207,2023,4,2023-04,34468.48,34,0.34
923,5207,2023,5,2023-05,33568.62,9,32.07
924,5207,2023,6,2023-06,32702.25,17,2.74
925,5207,2023,7,2023-07,33907.81,16,4.42
926,5207,2023,8,2023-08,33050.0,20,25.25
927,5207,2023,9,2023-09,36394.17,32,3.88
928,5207,2023,10,2023-10,40114.65,18,19.05
929,5207,2023,11,2023-11,38973.07,43,13.89
930,5207,2023,12,2023-12,40049.28,5,19.22
931,5207,2024,1,2024-01,34801.74,39,22.28
932,5207,2024,2,2024-02,34034.78,14,31.96
933,5207,2024,3,2024-03,34931.78,20,27.3
934,5207,2024,4,2024-04,35525.8,12,0.62
935,5207,2024,5,2024-05,34386.91,23,12.71
936,5207,2024,6,2024-06,37100.71,4,23.52
937,5180,2023,1,2023-01,44542.15,24,8.21
938,5180,2023,2,2023-02,43994.59,45,11.99
939,5180,2023,3,2023-03,44785.1,38,16.41
940,5180,2023,4,2023-04,43084.03,11,12.0
941,5180,2023,5,2023-05,46209.79,26,5.44
942,5180,2023,6,2023-06,47749.21,31,17.56
943,5180,2023,7,2023-07,52227.98,32,21.21
944,5180,2023,8,2023-08,49957.17,8,31.31
945,5180,2023,9,2023-09,49542.22,23,7.95
946,5180,2023,10,2023-10,53168.35,28,6.01
947,5180,2023,11,2023-11,56351.94,2,33.07
948,5180,2023,12,2023-12,58225.83,43,24.94
949,5180,2024,1,2024-01,30660.25,41,23.04
950,5180,2024,2,2024-02,30419.06,34,0.21
951,5180,2024,3,2024-03,35025.8,30,25.45
952,5180,2024,4,2024-04,38758.06,4,18.22
953,5180,2024,5,2024-05,36494.12,33,11.03
954,5180,2024,6,2024-06,39161.77,45,5.76
955,5227,2023,1,2023-01,49858.45,13,12.66
956,5227,2023,2,2023-02,48003.55,21,12.53
957,5227,2023,3,2023-03,45750.33,21,34.37
958,5227,2023,4,2023-04,44282.22,39,25.59
959,5227,2023,5,2023-05,44535.37,3,21.45
960,5227,2023,6,2023-06,46827.72,14,17.74
961,5227,2023,7,2023-07,45471.16,36,3.33
962,5227,2023,8,2023-08,43205.48,9,28.19
963,5227,2023,9,2023-09,40942.23,1,3.85
964,5227,2023,10,2023-10,44248.51,5,8.18
965,5227,2023,11,2023-11,48657.5,32,22.45
966,5227,2023,12,2023-12,45983.38,41,4.98
967,5227,2024,1,2024-01,21086.18,8,23.1
968,5227,2024,2,2024-02,20264.78,18,9.41
969,5227,2024,3,2024-03,19288.53,45,34.44
970,5227,2024,4,2024-04,20788.88,11,31.27
971,5227,2024,5,2024-05,21390.23,28,6.17
972,5227,2024,6,2024-06,22048.01,19,16.89
973,5098,2023,1,2023-01,45856.53,8,16.59
974,5098,2023,2,2023-02,48099.25,15,20.04
975,5098,2023,3,2023-03,45990.58,11,5.82
976,5098,2023,4,2023-04,44844.14,28,11.41
977,5098,2023,5,2023-05,46476.19,34,24.46
978,5098,2023,6,2023-06,49088.95,40,27.98
979,5098,2023,7,2023-07,53280.76,41,32.86
980,5098,2023,8,2023-08,54361.98,28,0.28
981,5098,2023,9,2023-09,58473.09,33,11.48
982,5098,2023,10,2023-10,58250.19,12,18.44
983,5098,2023,11,2023-11,59234.28,30,5.29
984,5098,2023,12,2023-12,63764.95,24,3.68
985,5098,2024,1,2024-01,43102.06,37,32.4
986,5098,2024,2,2024-02,46034.1,4,25.21
987,5098,2024,3,2024-03,47262.65,28,24.6
988,5098,2024,4,2024-04,51277.97,16,33.26
989,5098,2024,5,2024-05,54976.13,7,3.0
990,5098,2024,6,2024-06,54332.0,31,13.87
991,5056,2023,1,2023-01,32281.14,36,29.31
992,5056,2023,2,2023-02,34279.93,39,3.25
993,5056,2023,3,2023-03,37044.35,30,27.98
994,5056,2023,4,2023-04,40216.3,0,6.26
995,5056,2023,5,2023-05,44608.28,27,33.89
996,5056,2023,6,2023-06,49134.13,15,31.64
997,5056,2023,7,2023-07,46253.57,3,3.9
998,5056,2023,8,2023-08,49488.65,40,27.2
999,5056,2023,9,2023-09,50389.55,0,10.32
1000,5056,2023,10,2023-10,48574.1,5,20.62
1001,5056,2023,11,2023-11,47181.74,42,7.35
1002,5056,2023,12,2023-12,48077.44,30,10.15
1003,5056,2024,1,2024-01,46135.92,24,11.16
1004,5056,2024,2,2024-02,49595.72,9,2.14
1005,5056,2024,3,2024-03,51426.76,25,13.22
1006,5056,2024,4,2024-04,54864.49,22,33.57
1007,5056,2024,5,2024-05,52348.62,2,17.32
1008,5056,2024,6,2024-06,50255.31,32,34.36
1009,5118,2023,1,2023-01,18792.29,10,2.51
1010,5118,2023,2,2023-02,17063.79,0,20.6
1011,5118,2023,3,2023-03,14363.72,40,3.15
1012,5118,2023,4,2023-04,15149.86,19,7.34
1013,5118,2023,5,2023-05,17742.78,39,7.88
1014,5118,2023,6,2023-06,16331.48,20,17.94
1015,5118,2023,7,2023-07,14350.09,0,15.08
1016,5118,2023,8,2023-08,14079.5,35,20.24
1017,5118,2023,9,2023-09,12746.72,33,25.59
1018,5118,2023,10,2023-10,15201.68,21,32.27
1019,5118,2023,11,2023-11,13320.26,16,14.03
1020,5118,2023,12,2023-12,15842.02,28,34.99
1021,5118,2024,1,2024-01,535.96,30,28.69
1022,5118,2024,2,2024-02,1124.83,8,11.6
1023,5118,2024,3,2024-03,5158.9,34,34.9
1024,5118,2024,4,2024-04,7759.08,43,14.94
1025,5118,2024,5,2024-05,11874.07,37,17.42
1026,5118,2024,6,2024-06,12484.15,6,29.67
1027,5089,2023,1,2023-01,3656.3,11,23.16
1028,5089,2023,2,2023-02,8331.88,8,29.78
1029,5089,2023,3,2023-03,5403.06,38,13.8
1030,5089,2023,4,2023-04,5318.31,10,30.35
1031,5089,2023,5,2023-05,5227.19,30,24.64
1032,5089,2023,6,2023-06,7199.98,17,12.94
1033,5089,2023,7,2023-07,12075.9,10,12.5
1034,5089,2023,8,2023-08,14975.56,26,0.33
1035,5089,2023,9,2023-09,16305.48,42,3.46
1036,5089,2023,10,2023-10,20346.43,20,4.85
1037,5089,2023,11,2023-11,23136.85,6,8.32
1038,5089,2023,12,2023-12,26177.48,20,8.45
1039,5089,2024,1,2024-01,9782.35,39,26.87
1040,5089,2024,2,2024-02,7969.49,22,27.77
1041,5089,2024,3,2024-03,6966.75,24,18.68
1042,5089,2024,4,2024-04,8344.48,27,23.97
1043,5089,2024,5,2024-05,11816.08,12,6.74
1044,5089,2024,6,2024-06,9767.74,23,27.7
1045,5276,2023,1,2023-01,29347.77,44,4.97
1046,5276,2023,2,2023-02,31832.35,40,30.33
1047,5276,2023,3,2023-03,32657.35,33,27.88
1048,5276,2023,4,2023-04,34461.82,41,9.66
1049,5276,2023,5,2023-05,34915.35,20,3.41
1050,5276,2023,6,2023-06,32147.26,32,32.06
1051,5276,2023,7,2023-07,35123.47,40,28.65
1052,5276,2023,8,2023-08,40064.27,44,8.87
1053,5276,2023,9,2023-09,41527.33,3,25.89
1054,5276,2023,10,2023-10,42847.08,3,25.72
1055,5276,2023,11,2023-11,42443.19,23,3.07
1056,5276,2023,12,2023-12,43728.78,8,2.42
1057,5276,2024,1,2024-01,48653.3,31,13.59
1058,5276,2024,2,2024-02,49611.58,44,32.11
1059,5276,2024,3,2024-03,46864.28,36,32.04
1060,5276,2024,4,2024-04,47445.83,11,10.69
1061,5276,2024,5,2024-05,45998.1,7,31.94
1062,5276,2024,6,2024-06,43012.86,27,29.81
1063,5174,2023,1,2023-01,43490.24,11,12.65
1064,5174,2023,2,2023-02,46998.23,24,30.26
1065,5174,2023,3,2023-03,49742.71,24,27.67
1066,5174,2023,4,2023-04,54195.88,9,23.54
1067,5174,2023,5,2023-05,51647.4,13,25.85
1068,5174,2023,6,2023-06,53691.08,18,25.41
1069,5174,2023,7,2023-07,58408.82,4,3.76
1070,5174,2023,8,2023-08,57701.89,39,29.32
1071,5174,2023,9,2023-09,56520.57,28,14.14
1072,5174,2023,10,2023-10,58075.2,38,15.78
1073,5174,2023,11,2023-11,58358.42,18,7.25
1074,5174,2023,12,2023-12,56064.31,10,10.97
1075,5174,2024,1,2024-01,24951.68,1,19.31
1076,5174,2024,2,2024-02,22117.53,39,7.86
1077,5174,2024,3,2024-03,22877.34,10,6.33
1078,5174,2024,4,2024-04,20860.17,40,2.53
1079,5174,2024,5,2024-05,22172.19,6,25.6
1080,5174,2024,6,2024-06,25375.66,9,11.01
1081,5046,2023,1,2023-01,26457.69,20,6.58
1082,5046,2023,2,2023-02,25176.42,40,8.34
1083,5046,2023,3,2023-03,22214.76,11,26.88
1084,5046,2023,4,2023-04,22668.59,43,5.36
1085,5046,2023,5,2023-05,21277.97,35,27.35
1086,5046,2023,6,2023-06,25620.24,33,3.68
1087,5046,2023,7,2023-07,25947.98,24,27.09
1088,5046,2023,8,2023-08,25966.36,5,10.45
1089,5046,2023,9,2023-09,27177.72,35,13.91
1090,5046,2023,10,2023-10,31993.54,34,29.68
1091,5046,2023,11,2023-11,32775.24,44,28.81
1092,5046,2023,12,2023-12,37408.16,43,22.55
1093,5046,2024,1,2024-01,38811.29,12,17.72
1094,5046,2024,2,2024-02,42564.91,36,9.33
1095,5046,2024,3,2024-03,42506.85,31,30.04
1096,5046,2024,4,2024-04,46927.98,2,22.58
1097,5046,2024,5,2024-05,45013.24,37,3.33
1098,5046,2024,6,2024-06,43031.19,19,14.3
1099,5169,2023,1,2023-01,46562.32,38,23.15
1100,5169,2023,2,2023-02,49699.78,5,15.19
1101,5169,2023,3,2023-03,49119.3,0,2.83
1102,5169,2023,4,2023-04,48255.83,37,2.01
1103,5169,2023,5,2023-05,50005.38,2,4.03
1104,5169,2023,6,2023-06,48756.72,43,6.45
1105,5169,2023,7,2023-07,50231.8,44,30.84
1106,5169,2023,8,2023-08,54433.13,12,5.63
1107,5169,2023,9,2023-09,51924.08,27,28.79
1108,5169,2023,10,2023-10,54113.09,42,15.36
1109,5169,2023,11,2023-11,58437.85,19,14.94
1110,5169,2023,12,2023-12,61548.4,30,21.93
1111,5169,2024,1,2024-01,2554.38,5,4.65
1112,5169,2024,2,2024-02,2839.43,38,28.08
1113,5169,2024,3,2024-03,5333.55,9,4.28
1114,5169,2024,4,2024-04,9758.53,21,29.84
1115,5169,2024,5,2024-05,14732.22,11,24.29
1116,5169,2024,6,2024-06,14152.28,14,25.07
1117,5192,2023,1,2023-01,25682.92,11,30.07
1118,5192,2023,2,2023-02,23824.47,10,33.54
1119,5192,2023,3,2023-03,28562.97,3,23.44
1120,5192,2023,4,2023-04,33246.45,3,15.47
1121,5192,2023,5,2023-05,32912.67,35,0.28
1122,5192,2023,6,2023-06,33775.82,36,22.52
1123,5192,2023,7,2023-07,35508.69,4,5.56
1124,5192,2023,8,2023-08,35528.64,8,19.49
1125,5192,2023,9,2023-09,36706.78,36,15.82
1126,5192,2023,10,2023-10,36645.6,15,5.02
1127,5192,2023,11,2023-11,39847.19,24,14.51
1128,5192,2023,12,2023-12,41624.29,7,14.5
1129,5192,2024,1,2024-01,46533.12,6,19.03
1130,5192,2024,2,2024-02,49181.01,29,31.25
1131,5192,2024,3,2024-03,52921.49,8,5.88
1132,5192,2024,4,2024-04,52002.58,29,23.56
1133,5192,2024,5,2024-05,49826.7,36,12.53
1134,5192,2024,6,2024-06,50098.98,25,12.18
1135,5071,2023,1,2023-01,10987.46,28,30.25
1136,5071,2023,2,2023-02,14156.32,39,30.61
1137,5071,2023,3,2023-03,13739.95,18,8.99
1138,5071,2023,4,2023-04,16696.8,22,33.53
1139,5071,2023,5,2023-05,17828.3,8,30.87
1140,5071,2023,6,2023-06,21640.8,16,5.51
1141,5071,2023,7,2023-07,24006.74,31,30.39
1142,5071,2023,8,2023-08,22003.22,35,26.66
1143,5071,2023,9,2023-09,24211.05,4,15.08
1144,5071,2023,10,2023-10,26578.66,31,1.42
1145,5071,2023,11,2023-11,24087.69,35,9.56
1146,5071,2023,12,2023-12,23332.98,27,10.27
1147,5071,2024,1,2024-01,32782.68,2,7.83
1148,5071,2024,2,2024-02,33012.31,27,4.05
1149,5071,2024,3,2024-03,32778.49,18,30.75
1150,5071,2024,4,2024-04,32313.49,31,7.41
1151,5071,2024,5,2024-05,30744.82,44,6.31
1152,5071,2024,6,2024-06,35226.71,34,13.69
1153,5289,2023,1,2023-01,50254.78,33,4.34
1154,5289,2023,2,2023-02,50816.33,15,4.26
1155,5289,2023,3,2023-03,55046.13,3,21.7
1156,5289,2023,4,2023-04,58246.77,2,25.49
1157,5289,2023,5,2023-05,55648.16,25,17.86
1158,5289,2023,6,2023-06,57076.08,27,21.11
1159,5289,2023,7,2023-07,55112.68,33,21.84
1160,5289,2023,8,2023-08,55795.26,6,23.43
1161,5289,2023,9,2023-09,58901.09,13,19.65
1162,5289,2023,10,2023-10,61864.44,44,5.38
1163,5289,2023,11,2023-11,63876.56,44,27.51
1164,5289,2023,12,2023-12,67186.29,19,34.18
1165,5289,2024,1,2024-01,5632.73,21,1.28
1166,5289,2024,2,2024-02,8873.51,36,3.02
1167,5289,2024,3,2024-03,7868.69,34,1.66
1168,5289,2024,4,2024-04,11982.15,4,22.47
1169,5289,2024,5,2024-05,9616.53,30,33.48
1170,5289,2024,6,2024-06,14427.12,43,34.92
1171,5239,2023,1,2023-01,47142.65,40,27.86
1172,5239,2023,2,2023-02,44692.06,28,8.91
1173,5239,2023,3,2023-03,49211.42,42,30.24
1174,5239,2023,4,2023-04,53850.42,20,8.85
1175,5239,2023,5,2023-05,55129.03,7,29.78
1176,5239,2023,6,2023-06,52983.17,8,2.22
1177,5239,2023,7,2023-07,55186.73,7,27.81
1178,5239,2023,8,2023-08,57533.91,17,33.45
1179,5239,2023,9,2023-09,58136.92,4,9.25
1180,5239,2023,10,2023-10,56571.22,43,26.77
1181,5239,2023,11,2023-11,56747.38,11,32.33
1182,5239,2023,12,2023-12,56259.33,12,31.17
1183,5239,2024,1,2024-01,14745.11,23,23.84
1184,5239,2024,2,2024-02,19384.88,42,12.01
1185,5239,2024,3,2024-03,21329.93,31,18.88
1186,5239,2024,4,2024-04,21909.04,44,25.55
1187,5239,2024,5,2024-05,23587.23,15,5.57
1188,5239,2024,6,2024-06,22465.84,27,14.93
1189,5136,2023,1,2023-01,17302.71,29,23.19
1190,5136,2023,2,2023-02,16389.9,9,33.07
1191,5136,2023,3,2023-03,15635.11,5,30.25
1192,5136,2023,4,2023-04,18406.82,22,7.25
1193,5136,2023,5,2023-05,23388.86,38,24.37
1194,5136,2023,6,2023-06,28260.76,30,16.33
1195,5136,2023,7,2023-07,27017.14,8,30.0
1196,5136,2023,8,2023-08,30030.21,9,34.66
1197,5136,2023,9,2023-09,30910.97,21,19.28
1198,5136,2023,10,2023-10,28415.85,28,28.2
1199,5136,2023,11,2023-11,30153.54,9,10.27
1200,5136,2023,12,2023-12,34043.41,26,16.7
1201,5136,2024,1,2024-01,45808.1,44,16.42
1202,5136,2024,2,2024-02,48117.64,2,6.47
1203,5136,2024,3,2024-03,45663.23,30,31.77
1204,5136,2024,4,2024-04,44737.95,23,29.76
1205,5136,2024,5,2024-05,48481.48,5,22.73
1206,5136,2024,6,2024-06,51414.52,40,27.32
1207,5321,2023,1,2023-01,10257.57,28,26.75
1208,5321,2023,2,2023-02,11769.61,7,18.68
1209,5321,2023,3,2023-03,16529.16,42,24.31
1210,5321,2023,4,2023-04,16123.16,12,3.05
1211,5321,2023,5,2023-05,13571.29,27,17.33
1212,5321,2023,6,2023-06,15017.37,24,16.98
1213,5321,2023,7,2023-07,19472.5,1,23.82
1214,5321,2023,8,2023-08,21047.33,33,31.37
1215,5321,2023,9,2023-09,23934.07,29,20.12
1216,5321,2023,10,2023-10,26694.34,8,27.3
1217,5321,2023,11,2023-11,26749.78,45,1.79
1218,5321,2023,12,2023-12,25118.81,14,22.63
1219,5321,2024,1,2024-01,37129.03,22,9.3
1220,5321,2024,2,2024-02,34636.26,41,15.57
1221,5321,2024,3,2024-03,39000.72,17,1.75
1222,5321,2024,4,2024-04,42868.0,9,5.82
1223,5321,2024,5,2024-05,41182.18,3,30.1
1224,5321,2024,6,2024-06,43446.15,27,29.57
1225,5068,2023,1,2023-01,22668.1,25,8.85
1226,5068,2023,2,2023-02,27283.4,16,13.41
1227,5068,2023,3,2023-03,28010.33,35,29.56
1228,5068,2023,4,2023-04,30693.74,26,7.05
1229,5068,2023,5,2023-05,27781.4,13,6.85
1230,5068,2023,6,2023-06,26325.24,30,12.85
1231,5068,2023,7,2023-07,28834.24,32,1.67
1232,5068,2023,8,2023-08,29454.63,28,15.41
1233,5068,2023,9,2023-09,29270.37,15,34.19
1234,5068,2023,10,2023-10,27907.71,43,22.25
1235,5068,2023,11,2023-11,26063.01,31,17.86
1236,5068,2023,12,2023-12,30688.87,9,20.22
1237,5068,2024,1,2024-01,50883.67,39,22.72
1238,5068,2024,2,2024-02,52595.52,32,27.85
1239,5068,2024,3,2024-03,55172.72,26,34.64
1240,5068,2024,4,2024-04,59171.54,7,33.41
1241,5068,2024,5,2024-05,60883.69,20,9.51
1242,5068,2024,6,2024-06,60177.16,20,9.37
1243,5201,2023,1,2023-01,30882.4,42,6.46
1244,5201,2023,2,2023-02,35439.28,23,24.85
1245,5201,2023,3,2023-03,32888.02,32,30.18
1246,5201,2023,4,2023-04,30461.35,31,29.52
1247,5201,2023,5,2023-05,31501.51,38,16.99
1248,5201,2023,6,2023-06,35769.29,9,26.44
1249,5201,2023,7,2023-07,37036.88,29,26.84
1250,5201,2023,8,2023-08,37492.76,23,3.69
1251,5201,2023,9,2023-09,35106.95,43,7.02
1252,5201,2023,10,2023-10,39965.61,22,19.68
1253,5201,2023,11,2023-11,38848.76,39,34.86
1254,5201,2023,12,2023-12,38468.83,20,17.56
1255,5201,2024,1,2024-01,7893.17,36,15.15
1256,5201,2024,2,2024-02,5576.56,2,27.34
1257,5201,2024,3,2024-03,2830.12,34,25.32
1258,5201,2024,4,2024-04,3063.58,12,25.52
1259,5201,2024,5,2024-05,7447.56,24,27.92
1260,5201,2024,6,2024-06,7221.45,14,34.12
1261,5211,2023,1,2023-01,15819.21,3,3.2
1262,5211,2023,2,2023-02,20007.4,33,1.47
1263,5211,2023,3,2023-03,20202.3,44,20.9
1264,5211,2023,4,2023-04,21208.46,43,16.6
1265,5211,2023,5,2023-05,18266.83,38,6.31
1266,5211,2023,6,2023-06,17662.3,17,30.51
1267,5211,2023,7,2023-07,22374.48,35,21.62
1268,5211,2023,8,2023-08,21283.28,34,6.02
1269,5211,2023,9,2023-09,19666.23,18,16.16
1270,5211,2023,10,2023-10,19454.36,20,24.52
1271,5211,2023,11,2023-11,19004.23,21,31.01
1272,5211,2023,12,2023-12,17275.52,32,30.41
1273,5211,2024,1,2024-01,18017.32,22,21.6
1274,5211,2024,2,2024-02,18538.42,5,3.11
1275,5211,2024,3,2024-03,23310.65,26,22.17
1276,5211,2024,4,2024-04,25179.98,1,4.41
1277,5211,2024,5,2024-05,30026.82,33,14.81
1278,5211,2024,6,2024-06,30197.23,4,22.2
1279,5244,2023,1,2023-01,37388.99,44,19.01
1280,5244,2023,2,2023-02,38908.35,39,17.49
1281,5244,2023,3,2023-03,38472.72,31,33.67
1282,5244,2023,4,2023-04,36273.29,37,23.63
1283,5244,2023,5,2023-05,41173.94,0,9.82
1284,5244,2023,6,2023-06,40469.73,33,29.09
1285,5244,2023,7,2023-07,41452.44,24,3.68
1286,5244,2023,8,2023-08,42684.4,27,28.77
1287,5244,2023,9,2023-09,42063.91,13,22.35
1288,5244,2023,10,2023-10,40678.62,38,1.75
1289,5244,2023,11,2023-11,42404.18,25,6.09
1290,5244,2023,12,2023-12,44200.03,5,30.14
1291,5244,2024,1,2024-01,9463.48,6,0.46
1292,5244,2024,2,2024-02,13608.53,3,13.67
1293,5244,2024,3,2024-03,12343.25,17,16.32
1294,5244,2024,4,2024-04,12498.89,12,0.69
1295,5244,2024,5,2024-05,15265.58,6,14.21
1296,5244,2024,6,2024-06,19762.45,4,30.15
1297,5309,2023,1,2023-01,39341.57,20,19.65
1298,5309,2023,2,2023-02,39186.2,2,18.17
1299,5309,2023,3,2023-03,39535.75,29,8.78
1300,5309,2023,4,2023-04,38481.9,36,10.21
1301,5309,2023,5,2023-05,41651.46,41,24.12
1302,5309,2023,6,2023-06,44462.54,8,34.58
1303,5309,2023,7,2023-07,46323.37,12,32.98
1304,5309,2023,8,2023-08,43920.58,24,32.69
1305,5309,2023,9,2023-09,43069.99,32,10.36
1306,5309,2023,10,2023-10,41032.35,41,4.52
1307,5309,2023,11,2023-11,39834.1,41,27.16
1308,5309,2023,12,2023-12,40179.51,14,16.74
1309,5309,2024,1,2024-01,51486.29,13,9.43
1310,5309,2024,2,2024-02,56262.43,24,28.72
1311,5309,2024,3,2024-03,59973.01,27,7.16
1312,5309,2024,4,2024-04,59937.32,40,24.81
1313,5309,2024,5,2024-05,63939.57,13,11.64
1314,5309,2024,6,2024-06,61941.54,42,28.72
1315,5100,2023,1,2023-01,24059.17,33,30.06
1316,5100,2023,2,2023-02,24936.53,25,14.45
1317,5100,2023,3,2023-03,28069.18,2,32.45
1318,5100,2023,4,2023-04,31223.62,36,26.33
1319,5100,2023,5,2023-05,36164.41,19,12.42
1320,5100,2023,6,2023-06,39017.0,40,20.06
1321,5100,2023,7,2023-07,41110.82,40,11.14
1322,5100,2023,8,2023-08,40383.9,21,25.84
1323,5100,2023,9,2023-09,37938.55,27,10.39
1324,5100,2023,10,2023-10,42457.45,37,8.42
1325,5100,2023,11,2023-11,43300.07,35,8.99
1326,5100,2023,12,2023-12,47445.76,34,28.2
1327,5100,2024,1,2024-01,18592.07,3,23.02
1328,5100,2024,2,2024-02,18119.8,16,29.28
1329,5100,2024,3,2024-03,21786.27,30,32.57
1330,5100,2024,4,2024-04,24898.67,38,33.57
1331,5100,2024,5,2024-05,28926.71,29,22.85
1332,5100,2024,6,2024-06,33597.37,5,25.98
1333,5097,2023,1,2023-01,27870.88,32,12.08
1334,5097,2023,2,2023-02,32283.56,9,28.76
1335,5097,2023,3,2023-03,29290.63,10,1.65
1336,5097,2023,4,2023-04,32458.58,42,23.38
1337,5097,2023,5,2023-05,31797.11,1,32.66
1338,5097,2023,6,2023-06,36509.41,33,31.51
1339,5097,2023,7,2023-07,38952.52,12,14.32
1340,5097,2023,8,2023-08,38837.9,34,14.37
1341,5097,2023,9,2023-09,41636.05,22,28.65
1342,5097,2023,10,2023-10,42820.22,16,8.55
1343,5097,2023,11,2023-11,41541.73,39,27.21
1344,5097,2023,12,2023-12,42806.55,35,23.8
1345,5097,2024,1,2024-01,9910.31,27,32.43
1346,5097,2024,2,2024-02,10250.96,21,28.71
1347,5097,2024,3,2024-03,9634.31,26,34.67
1348,5097,2024,4,2024-04,11695.05,13,24.83
1349,5097,2024,5,2024-05,12644.43,11,33.09
1350,5097,2024,6,2024-06,17198.44,42,17.94
1351,5362,2023,1,2023-01,44349.07,10,24.38
1352,5362,2023,2,2023-02,47251.87,36,18.64
1353,5362,2023,3,2023-03,48879.9,39,31.63
1354,5362,2023,4,2023-04,50160.7,32,26.78
1355,5362,2023,5,2023-05,54700.31,21,7.89
1356,5362,2023,6,2023-06,55364.27,28,24.94
1357,5362,2023,7,2023-07,55485.22,13,0.89
1358,5362,2023,8,2023-08,59607.04,45,11.88
1359,5362,2023,9,2023-09,57182.08,45,12.69
1360,5362,2023,10,2023-10,61240.66,13,17.04
1361,5362,2023,11,2023-11,65084.44,38,33.21
1362,5362,2023,12,2023-12,66186.88,2,2.13
1363,5362,2024,1,2024-01,23682.5,8,12.59
1364,5362,2024,2,2024-02,24926.66,27,22.7
1365,5362,2024,3,2024-03,26819.73,43,12.25
1366,5362,2024,4,2024-04,23960.34,30,17.85
1367,5362,2024,5,2024-05,23059.32,37,20.03
1368,5362,2024,6,2024-06,26649.38,41,26.68
1369,5194,2023,1,2023-01,4954.85,38,30.87
1370,5194,2023,2,2023-02,9417.47,34,2.79
1371,5194,2023,3,2023-03,11320.49,45,27.0
1372,5194,2023,4,2023-04,12547.16,42,7.49
1373,5194,2023,5,2023-05,17307.45,10,14.85
1374,5194,2023,6,2023-06,17135.01,33,30.49
1375,5194,2023,7,2023-07,18713.0,2,30.68
1376,5194,2023,8,2023-08,23553.42,28,7.77
1377,5194,2023,9,2023-09,26498.82,44,15.67
1378,5194,2023,10,2023-10,27034.25,35,3.85
1379,5194,2023,11,2023-11,28291.09,35,3.73
1380,5194,2023,12,2023-12,25613.16,28,11.92
1381,5194,2024,1,2024-01,41699.37,0,7.06
1382,5194,2024,2,2024-02,42002.24,37,21.2
1383,5194,2024,3,2024-03,42121.19,9,2.69
1384,5194,2024,4,2024-04,44952.37,13,20.07
1385,5194,2024,5,2024-05,43526.8,7,14.07
1386,5194,2024,6,2024-06,41203.33,8,22.1
1387,5287,2023,1,2023-01,13238.25,10,22.3
1388,5287,2023,2,2023-02,11460.2,44,27.15
1389,5287,2023,3,2023-03,16248.17,27,10.26
1390,5287,2023,4,2023-04,14895.83,34,10.7
1391,5287,2023,5,2023-05,14776.79,19,15.72
1392,5287,2023,6,2023-06,19476.08,39,32.05
1393,5287,2023,7,2023-07,22558.15,6,21.11
1394,5287,2023,8,2023-08,21175.82,28,3.77
1395,5287,2023,9,2023-09,22525.01,11,31.84
1396,5287,2023,10,2023-10,22492.36,15,28.66
1397,5287,2023,11,2023-11,21109.25,6,33.31
1398,5287,2023,12,2023-12,20891.53,10,3.44
1399,5287,2024,1,2024-01,34215.83,40,18.59
1400,5287,2024,2,2024-02,34739.54,42,21.24
1401,5287,2024,3,2024-03,32076.8,28,10.9
1402,5287,2024,4,2024-04,35739.94,31,34.91
1403,5287,2024,5,2024-05,33214.27,39,0.33
1404,5287,2024,6,2024-06,33253.82,17,7.58
1405,5077,2023,1,2023-01,42339.81,40,8.67
1406,5077,2023,2,2023-02,39852.27,1,18.81
1407,5077,2023,3,2023-03,38738.04,40,30.59
1408,5077,2023,4,2023-04,36613.51,21,0.54
1409,5077,2023,5,2023-05,41517.94,18,23.83
1410,5077,2023,6,2023-06,45476.0,26,22.61
1411,5077,2023,7,2023-07,47560.51,19,2.75
1412,5077,2023,8,2023-08,46301.24,21,28.02
1413,5077,2023,9,2023-09,51055.38,22,16.95
1414,5077,2023,10,2023-10,52252.08,5,9.87
1415,5077,2023,11,2023-11,55761.24,29,10.02
1416,5077,2023,12,2023-12,54696.57,22,19.62
1417,5077,2024,1,2024-01,25549.71,20,17.45
1418,5077,2024,2,2024-02,26383.89,4,13.52
1419,5077,2024,3,2024-03,29796.07,14,10.62
1420,5077,2024,4,2024-04,33522.86,31,16.08
1421,5077,2024,5,2024-05,34952.76,15,6.99
1422,5077,2024,6,2024-06,38105.83,5,20.09
1423,5283,2023,1,2023-01,49002.68,23,8.72
1424,5283,2023,2,2023-02,53576.67,45,10.27
1425,5283,2023,3,2023-03,53180.12,29,29.07
1426,5283,2023,4,2023-04,56873.25,17,31.74
1427,5283,2023,5,2023-05,61552.56,42,17.41
1428,5283,2023,6,2023-06,59337.78,4,8.88
1429,5283,2023,7,2023-07,63015.47,13,32.61
1430,5283,2023,8,2023-08,63308.84,9,29.51
1431,5283,2023,9,2023-09,60986.25,42,4.47
1432,5283,2023,10,2023-10,65325.06,10,31.65
1433,5283,2023,11,2023-11,67610.02,29,22.19
1434,5283,2023,12,2023-12,71667.01,14,1.32
1435,5283,2024,1,2024-01,31053.95,28,11.67
1436,5283,2024,2,2024-02,33843.3,36,22.37
1437,5283,2024,3,2024-03,33282.69,7,9.19
1438,5283,2024,4,2024-04,31277.25,19,31.29
1439,5283,2024,5,2024-05,28524.6,43,28.9
1440,5283,2024,6,2024-06,30808.19,43,3.45
